symbol,overallAssociationScore
BRCA2,0.9174103117548031
BRCA1,0.9096543391027012
PIK3CA,0.8788488790081744
PALB2,0.8752950760324587
CHEK2,0.8690810224566764
TP53,0.8631019817593011
ESR1,0.852681366465554
ATM,0.8407400682564334
ERBB2,0.8315476953949605
RAD51C,0.8274287203791272
BRIP1,0.8272192630836387
AKT1,0.8251557812584152
CDH1,0.8231166432147977
PTEN,0.7885746531552419
RAD51D,0.7830740865219114
MAP3K1,0.7779950707583908
KRAS,0.7545726934427639
BARD1,0.7542801341454898
FGFR2,0.7525450347860986
TBX3,0.751830236860896
EGFR,0.7479516206353586
GATA3,0.7387897349120044
CDK6,0.7375316241770316
CDK4,0.7281442281280971
POLD1,0.7272861670800367
ERBB4,0.7212875123477258
FOXA1,0.7203408597150808
KMT2C,0.7175724424296741
NBN,0.7169260212391728
POLE,0.7152005053434207
PPM1D,0.7118974793070812
MAP2K4,0.7110649034705739
AR,0.7092395119438452
NCOR1,0.7051764126632558
NF1,0.697219030862525
CBFB,0.6964493129132506
FBXO11,0.6912990546231557
ARID1A,0.6853501731020871
RAD51B,0.6797658397072734
MSH6,0.6706620258915961
MLH1,0.6704787616170619
EBF1,0.6704041121017044
MSH2,0.6700978166511378
FOXP1,0.6654802486652077
PRIM1,0.664318459814097
TERT,0.6636618874837585
RAD51,0.6626867373679896
TOP1,0.660035991345986
NOTCH2,0.6591712963706542
CUX1,0.6569445698833211
RAD50,0.6568147578098776
SETBP1,0.6560305382175898
PIK3CB,0.6558536124588055
PMS2,0.6541407123158427
CASP8,0.6534638906975366
CDC73,0.6530186615308536
SF3B1,0.6515935103177201
FHIT,0.6506221138850358
RB1,0.6494461914214957
TET2,0.6487172165683731
C11orf65,0.6465540788640891
TOP2A,0.6445585097710614
FANCD2,0.6442353566016102
FANCC,0.6436680262155716
MLLT10,0.6431381523260207
TCF7L2,0.642176344150035
CD274,0.6404698617293478
MUTYH,0.6393252246675367
H3C2,0.639022823615901
CYP19A1,0.6359213171639801
DROSHA,0.634787736081504
MRTFA,0.6339536848560741
ESR2,0.6290105441271218
TUBB3,0.6278057297841815
CDKN1B,0.6271008513263607
TUBB2B,0.6268742382983435
TUBB,0.6262827983605458
TYMS,0.6254625553241496
NTRK3,0.6240559741848053
VEGFA,0.6184918085271375
TUBB2A,0.6176181601043881
KLF4,0.6147931752425728
PAX5,0.6125559764449467
SUZ12,0.6104072105136228
BLM,0.6102762749169194
ZFHX3,0.6087500925830251
TUBB1,0.6084459088025216
POLD3,0.6082324403121656
TUBB6,0.6072645333882289
TUBB4B,0.6072159265139166
TUBB4A,0.6069079433016794
CDKN2B,0.6065096473421598
TUBB8,0.6059512447833998
POLD2,0.6035431806510809
FKBP1A,0.5997372384552776
MDM2,0.5995494366951851
MN1,0.5990357223331022
RET,0.5981067815680813
ARID1B,0.5955621767090898
MDM4,0.5954778782331921
DHFR,0.5945735890903548
RRM1,0.5945641183603757
POLD4,0.592197979192347
LRP1B,0.590282547964019
MITF,0.590231341676165
TACSTD2,0.5891764763705553
GNRHR,0.5891264860200851
KDM6A,0.5879587432869093
FGFR4,0.5876193639339947
FAT4,0.5867077658218095
MYH9,0.5866819290005366
PIK3R1,0.5863374882174444
PRIM2,0.5860357484208333
MECOM,0.5859299813420723
POLE2,0.5859260550667414
POLE3,0.585388983675135
POLA1,0.5853485865437966
POLA2,0.5845625620556317
PLAG1,0.5805178839329025
TBL1XR1,0.5794808054054426
TGFBR2,0.5779903526618865
NTRK2,0.5770400276416902
KAT6B,0.5769884884825891
ATP2B3,0.5765377447332963
EXT1,0.5765191802609466
NRG1,0.5753332403909116
UBR5,0.5750539516358808
ERBB3,0.574804127602191
DNMT3A,0.5746235326826709
TOX3,0.5739421744640302
CACNA1D,0.5737752123601813
PTPRK,0.5729791250032721
ABL2,0.5718233531336145
GRIN2A,0.5716811780639489
AFF3,0.5716014458029496
CDKN2A,0.5713061354225833
GPC3,0.5707130578066246
LPP,0.5697888590940656
POLQ,0.5692888998200135
ARHGAP35,0.5675927018363606
JAK1,0.5672396377566862
PREX2,0.5670414491736702
TP63,0.5663587960008685
RSPO2,0.5662765055692746
PRC1,0.5658372122766734
ATRX,0.5651088516702221
AFDN,0.5635700964274262
SND1,0.5626777337762967
NCOR2,0.5618217325241721
HMGA2,0.5616213872857901
NCOA2,0.560478878709505
PRDM16,0.5603526362141968
ABI1,0.5602310708051639
MYB,0.559989507584958
EXO1,0.5594423692750056
CCDC170,0.5583138001516852
PTPRT,0.5582435408957668
MSI2,0.5581793067303762
RECQL4,0.5573521008905017
PTPN13,0.5569799069944824
QKI,0.556083072523077
WWTR1,0.5555696107515293
BMPR1A,0.5549499439976726
HIP1,0.5547440109991714
ZMIZ1,0.5532070946533528
MAX,0.5521048763197651
NFATC2,0.5519737800673329
CAMTA1,0.5496320676599199
MAML2,0.5481237787015433
EZH2,0.5478674123354014
RUNX1,0.5477821884759553
APC,0.547327588637279
STAG2,0.547247508195605
STK11,0.5471830667172121
CLTC,0.5469260405215202
ACVR1,0.546705276990985
DDR2,0.5465895909578576
PARP1,0.5465347244774036
KAT6A,0.5465238806051621
KDR,0.5463884275556881
FANCM,0.5457158207934482
HRAS,0.5453453529357667
ARHGEF5,0.5452325067100662
WIF1,0.5450185772327079
YAP1,0.5444850850727405
BCL2,0.5430706318313352
ELL,0.542863024277431
FOXO3,0.5427602315045937
MAPK1,0.541966459052572
EPAS1,0.5406408015076299
ARHGAP26,0.5404745458668033
RICTOR,0.5403899589080633
SDHC,0.5402492082640847
KIT,0.5401915040345106
ZNF521,0.5397971370824769
BCORL1,0.5397800725311619
RXRA,0.5389458425672711
PBX1,0.5388413710352515
FLI1,0.5386947091767856
MEN1,0.5386153505206018
